file,status,source,license,action,notes
bonk.mp3,UNVERIFIED,UNKNOWN,UNKNOWN,REPLACE OR DOCUMENT,Embedded 101soundboards.com marker detected
braniac_maniac.mp3,UNVERIFIED,UNKNOWN,UNKNOWN,REPLACE OR DOCUMENT,No hostname detected in quick scan; source still undocumented
butter.mp3,UNVERIFIED,UNKNOWN,UNKNOWN,REPLACE OR DOCUMENT,Embedded 101soundboards.com marker detected
buttonclick.mp3,UNVERIFIED,UNKNOWN,UNKNOWN,REPLACE OR DOCUMENT,Embedded 101soundboards.com marker detected
choose_your_seeds.mp3,UNVERIFIED,UNKNOWN,UNKNOWN,REPLACE OR DOCUMENT,No hostname detected in quick scan; source still undocumented
dark-ages-ultimate-battle.mp3,UNVERIFIED,UNKNOWN,UNKNOWN,REPLACE OR DOCUMENT,Embedded 101soundboards.com marker detected
finalfanfare.mp3,UNVERIFIED,UNKNOWN,UNKNOWN,REPLACE OR DOCUMENT,Embedded 101soundboards.com marker detected
GW2ops.mp3,UNVERIFIED,UNKNOWN,UNKNOWN,REPLACE OR DOCUMENT,Embedded 101soundboards.com marker detected
hugewave.mp3,UNVERIFIED,UNKNOWN,UNKNOWN,REPLACE OR DOCUMENT,Embedded 101soundboards.com marker detected
jalapeno.mp3,UNVERIFIED,UNKNOWN,UNKNOWN,REPLACE OR DOCUMENT,Embedded 101soundboards.com marker detected
loonboon.mp3,UNVERIFIED,UNKNOWN,UNKNOWN,REPLACE OR DOCUMENT,No hostname detected in quick scan; source still undocumented
rvthrow.mp3,UNVERIFIED,UNKNOWN,UNKNOWN,REPLACE OR DOCUMENT,Embedded 101soundboards.com marker detected
skycity.mp3,UNVERIFIED,UNKNOWN,UNKNOWN,REPLACE OR DOCUMENT,Embedded 101soundboards.com marker detected
swing.mp3,UNVERIFIED,UNKNOWN,UNKNOWN,REPLACE OR DOCUMENT,Embedded 101soundboards.com marker detected
ultimate_battle.mp3,UNVERIFIED,UNKNOWN,UNKNOWN,REPLACE OR DOCUMENT,No hostname detected in quick scan; source still undocumented
vase-breaking.mp3,UNVERIFIED,UNKNOWN,UNKNOWN,REPLACE OR DOCUMENT,Embedded 101soundboards.com marker detected
zombie-falling.mp3,UNVERIFIED,UNKNOWN,UNKNOWN,REPLACE OR DOCUMENT,Embedded 101soundboards.com marker detected
zombotany.mp3,UNVERIFIED,UNKNOWN,UNKNOWN,REPLACE OR DOCUMENT,No hostname detected in quick scan; source still undocumented
